<?xml version="1.0" encoding="UTF-8"?>
<root>
    <movie>
        <name>Ghost in the Shell</name>
        <release_year>1995</release_year>
        <language>Japanese</language>
        <cast>Atsuko Tanaka, Akio Ôtsuka, Yutaka Nakano</cast>
    </movie>
    <movie>
        <name>Inland Empire</name>
        <release_year>2006</release_year>
        <language>English</language>
        <cast>Karolina Gruszka, Krzysztof Majchrzak, Grace Zabriskie</cast>
    </movie>
    <movie>
        <name>She is Conann</name>
        <release_year>2023</release_year>
        <language>French</language>
        <cast>Elina Löwensohn, Julia Riedler, Christa Théret</cast>
    </movie>
</root>